"Id","Action","Event Type","Created At"
"1","create","Customer","2019-04-13 17:05:09.185191"
"2","create","User","2019-04-22 11:10:36.004772"
"3","create","User","2019-04-23 10:11:30.287920"
"4","create","user","2019-04-23 10:16:09.433725"
"5","create","user","2019-04-23 10:16:17.424027"
"6","create","event","2019-04-23 10:20:51.567793"
"7","create","user","2019-04-23 10:23:15.225143"
"8","string","string","2019-04-23 10:52:51.757641"
"9","string","string","2019-04-23 11:31:10.671763"
"10","string","string","2019-04-23 11:53:47.550978"
"11","create","user","2019-04-23 11:59:29.037202"
"12","create","user","2019-04-23 11:59:29.537170"
"13","create","user","2019-04-23 11:59:30.112224"
"14","create","user","2019-04-23 11:59:30.678167"
"15","create","user","2019-04-23 11:59:31.088189"
"16","create","user","2019-04-23 11:59:31.474155"
"17","create","user","2019-04-23 11:59:31.761888"
"18","create","user","2019-04-23 11:59:32.013686"
"19","create","user","2019-04-23 11:59:32.190994"
"20","create","user","2019-04-23 11:59:32.358495"
"21","create","user","2019-04-23 11:59:32.525912"
"22","create","user","2019-04-23 11:59:32.709511"
"23","create","user","2019-04-23 11:59:32.877756"
"24","create","user","2019-04-23 11:59:33.046900"
"25","create","user","2019-04-23 11:59:33.209328"
"26","create","user","2019-04-23 11:59:33.389506"
"27","create","user","2019-04-23 11:59:33.583051"
"28","create","user","2019-04-23 11:59:33.764208"
"29","create","user","2019-04-23 11:59:33.957190"
"30","create","user","2019-04-23 11:59:34.141402"
"31","create","user","2019-04-23 11:59:34.319657"
"32","create","user","2019-04-23 11:59:34.492808"
"33","create","user","2019-04-23 11:59:34.678499"
"34","create","user","2019-04-23 11:59:34.863063"
"35","create","user","2019-04-23 11:59:35.054225"
"36","create","user","2019-04-23 11:59:35.245048"
"37","create","user","2019-04-23 11:59:35.426770"
"38","create","user","2019-04-23 11:59:35.605629"
"39","create","user","2019-04-23 11:59:35.789752"
"40","create","user","2019-04-23 11:59:35.966102"
"41","create","user","2019-04-23 11:59:36.140965"
"42","create","user","2019-04-23 11:59:36.319354"
"43","create","user","2019-04-23 11:59:36.492976"
"44","create","user","2019-04-23 11:59:36.676692"
"45","create","user","2019-04-23 11:59:39.574734"
"46","create","user","2019-04-23 11:59:40.037882"
"47","create","user","2019-04-23 11:59:40.446783"
"48","create","user","2019-04-23 11:59:40.857108"
"49","create","user","2019-04-23 11:59:41.421798"
"50","create","user","2019-04-23 11:59:41.884279"
"51","create","user","2019-04-23 11:59:42.332388"
"52","create","user","2019-04-23 11:59:42.787351"
"53","create","user","2019-04-23 11:59:43.204386"
"54","create","user","2019-04-23 11:59:43.620647"
"55","create","user","2019-04-23 11:59:44.117828"
"56","create","user","2019-04-23 11:59:44.685258"
"57","create","user","2019-04-23 11:59:45.246376"
"58","create","user","2019-04-23 11:59:45.718547"
"59","create","user","2019-04-23 11:59:46.107191"
"60","create","user","2019-04-23 11:59:46.524469"
"61","create","user","2019-04-23 11:59:46.940638"
"62","create","user","2019-04-23 11:59:47.292657"
"63","create","user","2019-04-23 11:59:47.645149"
"64","create","user","2019-04-23 11:59:48.213098"
"65","create","user","2019-04-23 11:59:48.470139"
"66","create","user","2019-04-23 11:59:48.736907"
"67","create","user","2019-04-23 11:59:48.991745"
"68","create","user","2019-04-23 11:59:49.237503"
"69","create","user","2019-04-23 11:59:49.493162"
"70","create","user","2019-04-23 11:59:49.749494"
"71","create","user","2019-04-23 11:59:49.992445"
"72","create","user","2019-04-23 11:59:50.230113"
"73","create","user","2019-04-23 11:59:50.469785"
"74","create","user","2019-04-23 11:59:50.693721"
"75","create","user","2019-04-23 11:59:50.916968"
"76","create","user","2019-04-23 11:59:51.341860"
"77","create","user","2019-04-23 11:59:51.589177"
"78","create","user","2019-04-23 11:59:51.804236"
"79","create","user","2019-04-23 11:59:52.020159"
"80","create","user","2019-04-23 11:59:52.232654"
"81","create","user","2019-04-23 11:59:52.452226"
"82","create","user","2019-04-23 11:59:52.660554"
"83","create","user","2019-04-23 11:59:52.868089"
"84","create","user","2019-04-23 11:59:53.068047"
"85","create","user","2019-04-23 11:59:53.256214"
"86","create","user","2019-04-23 11:59:53.452252"
"87","create","user","2019-04-23 11:59:53.661948"
"88","create","user","2019-04-23 11:59:53.846208"
"89","create","user","2019-04-23 11:59:54.054742"
"90","create","user","2019-04-23 11:59:54.268651"
"91","create","user","2019-04-23 11:59:54.469051"
"92","create","user","2019-04-23 11:59:54.671634"
"93","create","user","2019-04-23 11:59:54.862212"
"94","create","user","2019-04-23 11:59:55.069647"
"95","create","user","2019-04-23 11:59:55.255127"
"96","create","user","2019-04-23 11:59:55.476517"
"97","create","user","2019-04-23 11:59:55.689341"
"98","create","user","2019-04-23 11:59:55.887473"
"99","create","user","2019-04-23 11:59:56.093039"
"100","create","user","2019-04-23 11:59:56.303058"
"101","create","user","2019-04-23 11:59:56.492397"
"102","create","user","2019-04-23 11:59:56.692338"
"103","create","user","2019-04-23 11:59:56.886743"
"104","create","user","2019-04-23 11:59:57.076206"
"105","create","user","2019-04-23 11:59:57.270467"
"106","create","user","2019-04-23 11:59:57.461405"
"107","create","user","2019-04-23 11:59:57.645581"
"108","create","user","2019-04-23 11:59:57.855763"
"109","create","user","2019-04-23 11:59:58.048689"
"110","create","user","2019-04-23 11:59:58.263784"
"111","create","user","2019-04-23 11:59:58.494208"
"112","create","user","2019-04-23 11:59:58.746067"
"113","create","user","2019-04-23 11:59:59.133203"
"114","create","user","2019-04-23 11:59:59.457080"
"115","create","user","2019-04-23 11:59:59.766864"
"116","create","user","2019-04-23 11:59:59.997658"
"117","create","user","2019-04-23 12:00:00.209650"
"118","create","user","2019-04-23 12:00:00.405377"
"119","create","user","2019-04-23 12:00:00.621710"
"120","create","user","2019-04-23 12:00:00.837667"
"121","create","user","2019-04-23 12:00:01.037271"
"122","create","user","2019-04-23 12:00:01.237118"
"123","create","user","2019-04-23 12:00:01.435891"
"124","create","user","2019-04-23 12:00:01.630524"
"125","create","user","2019-04-23 12:00:01.814284"
"126","create","user","2019-04-23 12:00:02.010708"
"127","create","user","2019-04-23 12:00:02.212168"
"128","create","user","2019-04-23 12:00:02.430334"
"129","create","user","2019-04-23 12:00:02.630241"
"130","create","user","2019-04-23 12:00:02.812482"
"131","create","user","2019-04-23 12:00:03.014007"
"132","create","user","2019-04-23 12:00:03.214326"
"133","create","user","2019-04-23 12:00:03.420043"
"134","create","user","2019-04-23 12:00:03.614504"
"135","create","user","2019-04-23 12:00:03.804465"
"136","create","user","2019-04-23 12:00:03.982422"
"137","create","user","2019-04-23 12:00:04.171753"
"138","create","user","2019-04-23 12:00:04.366107"
"139","create","user","2019-04-23 12:00:04.549556"
"140","create","user","2019-04-23 12:00:04.740259"
"141","create","user","2019-04-23 12:00:04.924219"
"142","create","user","2019-04-23 12:00:05.140704"
"143","create","user","2019-04-23 12:00:05.340217"
"144","create","user","2019-04-23 12:00:05.539198"
"145","create","user","2019-04-23 12:00:05.746715"
"146","create","user","2019-04-23 12:00:05.956009"
"147","create","user","2019-04-23 12:00:06.165644"
"148","create","user","2019-04-23 12:00:06.388089"
"149","create","user","2019-04-23 12:00:06.585678"
"150","create","user","2019-04-23 12:00:06.797745"
"151","create","user","2019-04-23 12:00:07.008919"
"152","create","user","2019-04-23 12:00:07.206115"
"153","create","user","2019-04-23 12:00:07.412647"
"154","create","user","2019-04-23 12:00:07.618878"
"155","create","user","2019-04-23 12:00:07.823061"
"156","create","user","2019-04-23 12:00:08.022209"
"157","create","user","2019-04-23 12:00:08.229122"
"158","create","user","2019-04-23 12:00:08.438386"
"159","create","user","2019-04-23 12:00:08.633702"
"160","create","user","2019-04-23 12:00:08.831425"
"161","create","user","2019-04-23 12:00:09.029116"
"162","create","user","2019-04-23 12:00:09.237490"
"163","create","user","2019-04-23 12:00:09.453241"
"164","create","user","2019-04-23 12:00:09.674489"
"165","create","user","2019-04-23 12:00:09.863608"
"166","create","user","2019-04-23 12:00:10.069257"
"167","create","user","2019-04-23 12:00:10.310122"
"168","create","user","2019-04-23 12:00:10.558195"
"169","create","user","2019-04-23 12:00:10.869171"
"170","create","user","2019-04-23 12:00:11.221155"
"171","create","user","2019-04-23 12:00:11.596977"
"172","create","user","2019-04-23 12:00:11.967127"
"173","create","user","2019-04-23 12:00:12.356327"
"174","create","user","2019-04-23 12:00:12.892230"
"175","create","user","2019-04-23 12:00:13.387843"
"176","create","user","2019-04-23 12:00:13.784941"
"177","create","user","2019-04-23 12:00:14.204080"
"178","create","user","2019-04-23 12:00:14.708027"
"179","create","user","2019-04-23 12:00:15.119444"
"180","create","user","2019-04-23 12:00:15.565754"
"181","create","user","2019-04-23 12:00:15.933396"
"182","create","user","2019-04-23 12:00:16.220099"
"183","create","user","2019-04-23 12:00:16.540818"
"184","create","user","2019-04-23 12:00:16.798157"
"185","create","user","2019-04-23 12:00:17.060179"
"186","create","user","2019-04-23 12:00:17.388495"
"187","create","user","2019-04-23 12:00:17.675709"
"188","create","user","2019-04-23 12:00:17.989551"
"189","create","user","2019-04-23 12:00:18.311858"
"190","create","user","2019-04-23 12:00:18.628472"
"191","create","user","2019-04-23 12:00:18.950137"
"192","create","user","2019-04-23 12:00:19.244691"
"193","create","user","2019-04-23 12:00:19.548377"
"194","create","user","2019-04-23 12:00:19.806487"
"195","create","user","2019-04-23 12:00:20.078081"
"196","create","user","2019-04-23 12:00:20.369104"
"197","create","user","2019-04-23 12:00:20.678139"
"198","create","user","2019-04-23 12:00:21.068767"
"199","create","user","2019-04-23 12:00:21.619816"
"200","create","user","2019-04-23 12:00:22.131902"
"201","create","user","2019-04-23 12:00:22.731867"
"202","create","user","2019-04-23 12:00:23.292650"
"203","create","user","2019-04-23 12:00:23.781135"
"204","create","user","2019-04-23 12:00:24.156777"
"205","create","user","2019-04-23 12:00:24.477041"
"206","create","user","2019-04-23 12:00:24.739769"
"207","create","user","2019-04-23 12:00:24.994086"
"208","create","user","2019-04-23 12:00:25.245188"
"209","create","user","2019-04-23 12:00:25.476670"
"210","create","user","2019-04-23 12:00:25.764879"
"211","create","user","2019-04-23 12:00:26.040967"
"212","create","user","2019-04-23 12:00:26.291738"
"213","create","user","2019-04-23 12:00:26.548968"
"214","create","user","2019-04-23 12:00:27.021483"
"215","create","user","2019-04-23 12:00:27.260766"
"216","create","user","2019-04-23 12:00:27.533002"
"217","create","user","2019-04-23 12:00:27.781653"
"218","create","user","2019-04-23 12:00:27.996732"
"219","create","user","2019-04-23 12:00:28.212505"
"220","create","user","2019-04-23 12:00:28.428647"
"221","create","user","2019-04-23 12:00:28.685649"
"222","create","user","2019-04-23 12:00:28.973410"
"223","create","user","2019-04-23 12:00:29.291716"
"224","create","user","2019-04-23 12:00:29.558611"
"225","create","user","2019-04-23 12:00:29.828892"
"226","create","user","2019-04-23 12:00:30.101841"
"227","create","user","2019-04-23 12:00:30.357188"
"228","create","user","2019-04-23 12:00:30.637341"
"229","create","user","2019-04-23 12:00:30.895744"
"230","create","user","2019-04-23 12:00:31.145286"
"231","create","user","2019-04-23 12:00:31.451712"
"232","create","user","2019-04-23 12:00:31.731690"
"233","create","user","2019-04-23 12:00:31.996404"
"234","create","user","2019-04-23 12:00:32.235702"
"235","create","user","2019-04-23 12:00:32.483878"
"236","create","user","2019-04-23 12:00:32.708149"
"237","create","user","2019-04-23 12:00:32.943587"
"238","create","user","2019-04-23 12:00:33.201352"
"239","create","user","2019-04-23 12:00:33.477139"
"240","create","user","2019-04-23 12:00:33.740153"
"241","create","user","2019-04-23 12:00:33.998818"
"242","create","user","2019-04-23 12:00:34.260963"
"243","create","user","2019-04-23 12:00:34.508424"
"244","create","user","2019-04-23 12:00:34.756806"
"245","create","user","2019-04-23 12:00:35.017411"
"246","create","user","2019-04-23 12:00:35.307494"
"247","create","user","2019-04-23 12:00:35.555675"
"248","create","user","2019-04-23 12:00:35.798265"
"249","create","user","2019-04-23 12:00:36.020183"
"250","create","user","2019-04-23 12:00:36.236241"
"251","create","user","2019-04-23 12:00:36.460769"
"252","create","user","2019-04-23 12:00:36.670904"
"253","create","user","2019-04-23 12:00:36.876472"
"254","create","user","2019-04-23 12:00:37.091400"
"255","create","user","2019-04-23 12:00:37.299075"
"256","create","user","2019-04-23 12:00:37.523976"
"257","create","user","2019-04-23 12:00:37.727320"
"258","create","user","2019-04-23 12:00:37.940199"
"259","create","user","2019-04-23 12:00:38.147633"
"260","create","user","2019-04-23 12:00:38.349050"
"261","create","user","2019-04-23 12:00:38.549313"
"262","create","user","2019-04-23 12:00:38.764756"
"263","create","user","2019-04-23 12:00:38.973711"
"264","create","user","2019-04-23 12:00:39.180293"
"265","create","user","2019-04-23 12:00:39.378377"
"266","create","user","2019-04-23 12:00:39.589179"
"267","create","user","2019-04-23 12:00:39.801072"
"268","create","user","2019-04-23 12:00:40.029400"
"269","create","user","2019-04-23 12:00:40.237452"
"270","create","user","2019-04-23 12:00:40.469068"
"271","create","user","2019-04-23 12:00:40.685529"
"272","create","user","2019-04-23 12:00:40.912772"
"273","create","user","2019-04-23 12:00:41.134196"
"274","create","user","2019-04-23 12:00:41.372960"
"275","create","user","2019-04-23 12:00:41.597252"
"276","create","user","2019-04-23 12:00:41.806453"
"277","create","user","2019-04-23 12:00:42.016544"
"278","create","user","2019-04-23 12:00:42.236672"
"279","create","user","2019-04-23 12:00:42.425212"
"280","create","user","2019-04-23 12:00:42.630020"
"281","create","user","2019-04-23 12:00:42.829985"
"282","create","user","2019-04-23 12:00:43.031051"
"283","create","user","2019-04-23 12:00:43.252147"
"284","create","user","2019-04-23 12:00:43.473326"
"285","create","user","2019-04-23 12:00:43.684706"
"286","create","user","2019-04-23 12:00:43.899911"
"287","create","user","2019-04-23 12:00:44.116023"
"288","create","user","2019-04-23 12:00:44.324439"
"289","create","user","2019-04-23 12:00:44.539981"
"290","create","user","2019-04-23 12:00:44.751367"
"291","create","user","2019-04-23 12:00:44.981540"
"292","create","user","2019-04-23 12:00:45.197383"
"293","create","user","2019-04-23 12:00:45.413313"
"294","create","user","2019-04-23 12:00:45.637258"
"295","create","user","2019-04-23 12:00:45.837008"
"296","create","user","2019-04-23 12:00:46.061729"
"297","create","user","2019-04-23 12:00:46.301435"
"298","create","user","2019-04-23 12:00:46.513000"
"299","create","user","2019-04-23 12:00:46.740162"
"300","create","user","2019-04-23 12:00:46.956384"
"301","create","user","2019-04-23 12:00:47.204210"
"302","create","user","2019-04-23 12:00:47.436661"
"303","create","user","2019-04-23 12:00:47.676388"
"304","create","user","2019-04-23 12:00:47.892653"
"305","create","user","2019-04-23 12:00:48.123844"
"306","create","user","2019-04-23 12:00:48.366408"
"307","create","user","2019-04-23 12:00:48.609776"
"308","create","user","2019-04-23 12:00:48.886140"
"309","create","user","2019-04-23 12:00:49.133516"
"310","create","user","2019-04-23 12:00:49.380345"
"311","create","user","2019-04-23 12:00:49.654405"
"312","create","user","2019-04-23 12:00:49.940981"
"313","create","user","2019-04-23 12:00:50.237830"
"314","create","user","2019-04-23 12:00:50.493559"
"315","create","user","2019-04-23 12:00:50.738165"
"316","create","user","2019-04-23 12:00:50.980812"
"317","create","user","2019-04-23 12:00:51.220468"
"318","create","user","2019-04-23 12:00:51.467657"
"319","create","user","2019-04-23 12:00:51.935346"
"320","create","user","2019-04-23 12:00:52.180663"
"321","create","user","2019-04-23 12:00:52.419443"
"322","create","user","2019-04-23 12:00:52.646033"
"323","create","user","2019-04-23 12:00:52.863451"
"324","create","user","2019-04-23 12:00:53.099982"
"325","create","user","2019-04-23 12:00:53.332913"
"326","create","user","2019-04-23 12:00:53.587225"
"327","create","user","2019-04-23 12:00:53.861901"
"328","create","user","2019-04-23 12:00:54.132858"
"329","create","user","2019-04-23 12:00:54.371718"
"330","create","user","2019-04-23 12:00:54.614165"
"331","create","user","2019-04-23 12:00:54.836412"
"332","create","user","2019-04-23 12:00:55.076961"
"333","create","user","2019-04-23 12:00:55.302164"
"334","create","user","2019-04-23 12:00:55.517465"
"335","create","user","2019-04-23 12:00:55.739337"
"336","create","user","2019-04-23 12:00:55.978552"
"337","create","user","2019-04-23 12:00:56.204630"
"338","create","user","2019-04-23 12:00:56.429792"
"339","create","user","2019-04-23 12:00:56.661306"
"340","create","user","2019-04-23 12:00:56.892543"
"341","create","user","2019-04-23 12:00:57.107765"
"342","create","user","2019-04-23 12:00:57.333043"
"343","create","user","2019-04-23 12:00:57.565910"
"344","create","user","2019-04-23 12:00:57.804861"
"345","create","user","2019-04-23 12:00:58.060764"
"346","create","user","2019-04-23 12:00:58.340104"
"347","create","user","2019-04-23 12:00:58.644776"
"348","create","user","2019-04-23 12:00:58.917060"
"349","create","user","2019-04-23 12:00:59.206956"
"350","create","user","2019-04-23 12:00:59.507739"
"351","create","user","2019-04-23 12:00:59.785037"
"352","create","user","2019-04-23 12:01:00.045398"
"353","create","user","2019-04-23 12:01:00.293192"
"354","create","user","2019-04-23 12:01:00.516964"
"355","create","user","2019-04-23 12:01:00.761623"
"356","create","user","2019-04-23 12:01:00.980999"
"357","create","user","2019-04-23 12:01:01.196261"
"358","create","user","2019-04-23 12:01:01.408066"
"359","create","user","2019-04-23 12:01:01.624937"
"360","create","user","2019-04-23 12:01:01.848131"
"361","create","user","2019-04-23 12:01:02.077129"
"362","create","user","2019-04-23 12:01:02.295918"
"363","create","user","2019-04-23 12:01:02.532238"
"364","create","user","2019-04-23 12:01:02.756999"
"365","create","user","2019-04-23 12:01:02.980289"
"366","create","user","2019-04-23 12:01:03.203780"
"367","create","user","2019-04-23 12:01:03.420004"
"368","create","user","2019-04-23 12:01:03.635729"
"369","create","user","2019-04-23 12:01:03.847816"
"370","create","user","2019-04-23 12:01:04.076801"
"371","create","user","2019-04-23 12:01:04.332128"
"372","create","user","2019-04-23 12:01:04.587563"
"373","create","user","2019-04-23 12:01:04.813124"
"374","create","user","2019-04-23 12:01:39.760989"
"375","create","user","2019-04-23 12:01:39.996268"
"376","create","user","2019-04-23 12:01:40.213141"
"377","create","user","2019-04-23 12:01:40.693791"
"378","create","user","2019-04-23 12:01:41.093195"
"379","create","user","2019-04-23 12:01:41.484801"
"380","create","user","2019-04-23 12:01:41.836058"
"381","create","user","2019-04-23 12:01:42.147928"
"382","create","user","2019-04-23 12:01:42.463494"
"383","create","user","2019-04-23 12:01:42.748292"
"384","create","user","2019-04-23 12:01:43.012967"
"385","create","user","2019-04-23 12:01:43.287270"
"386","create","user","2019-04-23 12:01:43.571503"
"387","create","user","2019-04-23 12:01:44.620024"
"388","create","user","2019-04-23 12:01:45.190362"
"389","create","user","2019-04-23 12:01:45.571628"
"390","create","user","2019-04-23 12:01:45.924485"
"391","create","user","2019-04-23 12:01:46.203944"
"392","create","user","2019-04-23 12:01:46.524221"
"393","create","user","2019-04-23 12:01:46.789448"
"394","create","user","2019-04-23 12:01:47.084774"
"395","create","user","2019-04-23 12:01:47.397208"
"396","create","user","2019-04-23 12:01:47.668745"
"397","create","user","2019-04-23 12:01:47.930957"
"398","create","user","2019-04-23 12:01:48.404864"
"399","create","user","2019-04-23 12:01:48.860544"
"400","create","user","2019-04-23 12:01:49.260688"
"401","create","user","2019-04-23 12:01:49.596069"
"402","create","user","2019-04-23 12:01:49.885253"
"403","create","user","2019-04-23 12:01:50.149409"
"404","create","user","2019-04-23 12:01:50.404919"
"405","create","user","2019-04-23 12:01:50.679192"
"406","create","user","2019-04-23 12:01:50.957199"
"407","create","user","2019-04-23 12:01:51.187937"
"408","create","user","2019-04-23 12:01:51.428429"
"409","create","user","2019-04-23 12:01:51.678314"
"410","create","user","2019-04-23 12:01:51.947582"
"411","create","user","2019-04-23 12:01:52.180371"
"412","create","user","2019-04-23 12:01:52.403832"
"413","create","user","2019-04-23 12:01:52.651164"
"414","create","user","2019-04-23 12:01:52.892738"
"415","create","user","2019-04-23 12:01:53.115248"
"416","create","user","2019-04-23 12:01:53.363891"
"417","create","user","2019-04-23 12:01:53.628933"
"418","create","user","2019-04-23 12:01:53.899788"
"419","create","user","2019-04-23 12:01:54.141281"
"420","create","user","2019-04-23 12:01:54.341200"
"421","create","user","2019-04-23 12:01:54.547829"
"422","create","user","2019-04-23 12:01:54.766724"
